{
  "node_positions": {
    "0252a8f04a976a88bba3a9086db58ba3db596c249cdb83dd2a5320face7c23d5:1": {
      "x": 776.2764060915877,
      "y": 1295.3130242724953
    },
    "052cfe1f321e75e51f95d5f5801644e1008c176d52ad2f6019e6a4e3c4ae446a:0": {
      "x": 873.045961421643,
      "y": 387.37634314132356
    },
    "052cfe1f321e75e51f95d5f5801644e1008c176d52ad2f6019e6a4e3c4ae446a:1": {
      "x": 971.4213625417332,
      "y": 290.57125383316037
    },
    "052cfe1f321e75e51f95d5f5801644e1008c176d52ad2f6019e6a4e3c4ae446a:2": {
      "x": 633.2022462573017,
      "y": 262.637141835699
    },
    "052cfe1f321e75e51f95d5f5801644e1008c176d52ad2f6019e6a4e3c4ae446a:4": {
      "x": 552.3517765832546,
      "y": 820.9626564137542
    },
    "0599e9caf3e87d5b23d81f88a36d37ab36f7abe40e54a2b4226da7ade404a5c8:1": {
      "x": 517.7743599812039,
      "y": 670.9033731398611
    },
    "118ddbcde7ec901c40809f10254012e5fee0350a037e000bd00039f719de9bf4:0": {
      "x": 641.1947960609683,
      "y": 605.8992917976467
    },
    "118ddbcde7ec901c40809f10254012e5fee0350a037e000bd00039f719de9bf4:1": {
      "x": 1056.9947181270288,
      "y": 519.820290983912
    },
    "118ddbcde7ec901c40809f10254012e5fee0350a037e000bd00039f719de9bf4:2": {
      "x": 698.3373694330579,
      "y": 755.3833310437925
    },
    "1a34ad8d0f28e2f094e584202e4b3d22d76a24637069b1df1f4d177b156e0b28:0": {
      "x": 1026.1365458528187,
      "y": 159.94771143337815
    },
    "1a34ad8d0f28e2f094e584202e4b3d22d76a24637069b1df1f4d177b156e0b28:1": {
      "x": 1282.3603064955612,
      "y": 662.6825868430482
    },
    "1d79e6500487604ae102abf8511b329fcbfa52c24f2598e2452d91c2e7d08bc5:0": {
      "x": 630.2636823092118,
      "y": 1243.9302518853528
    },
    "21b58eeada8bb810401f33aa12ee7ad02ecdfcf56ab00e9eccbb2bd96bb4a603:0": {
      "x": -23.32980382991962,
      "y": 145.63062663408869
    },
    "21b58eeada8bb810401f33aa12ee7ad02ecdfcf56ab00e9eccbb2bd96bb4a603:1": {
      "x": 64.79334314884912,
      "y": 492.07396117923497
    },
    "21b58eeada8bb810401f33aa12ee7ad02ecdfcf56ab00e9eccbb2bd96bb4a603:2": {
      "x": -212.40360058980818,
      "y": 434.2607585690061
    },
    "31600749c8038b3a7cd8b647a74b2e30ac62e79bc4f97ace60f44b67a8631354:1": {
      "x": 1184.7878660522426,
      "y": 74.31604292311279
    },
    "3316bc6df7b4689ed7f306b6451fe2694e6064c631bf1e445c7f1f71b369a419:2": {
      "x": 316.0394451457359,
      "y": 1484.4967868769381
    },
    "3d53bc473600200a55c51a449c3627fec10b52aa61e1cd3178e86c6c5c426a72:0": {
      "x": 399.44617687247563,
      "y": 772.6036655983984
    },
    "422085f1c7be2263c192665c6ec45222cbfa8e2674656cdb9e754a840492126c:0": {
      "x": 548.6502813904292,
      "y": -96.12028469512342
    },
    "422085f1c7be2263c192665c6ec45222cbfa8e2674656cdb9e754a840492126c:1": {
      "x": 79.17827163623667,
      "y": 861.7452887658334
    },
    "4817e25e8c8e8c453cf39f26c8df769501266556fafa4ab741a255f08f9b214f:0": {
      "x": 309.44263924185395,
      "y": 423.00039476707923
    },
    "4817e25e8c8e8c453cf39f26c8df769501266556fafa4ab741a255f08f9b214f:1": {
      "x": 547.2414357771935,
      "y": 134.97555319672728
    },
    "571605df338565c7d9da56b50d3369ae046f5a7c0f025a52387c4f718dbf288f:0": {
      "x": 526.9446455873768,
      "y": 1490.719795259902
    },
    "571605df338565c7d9da56b50d3369ae046f5a7c0f025a52387c4f718dbf288f:1": {
      "x": 746.1353574351601,
      "y": 1429.119189519528
    },
    "571605df338565c7d9da56b50d3369ae046f5a7c0f025a52387c4f718dbf288f:2": {
      "x": 797.7061285016935,
      "y": 1556.5501689198757
    },
    "7e10917abe24346e1b3c6a93dd31c82721e5f235dd99319fca86d9a936d52475:0": {
      "x": 1340.9694189695124,
      "y": 85.53424743785361
    },
    "8dec059e434ce2b60e1afd685c05f2b99dba5f4d3abd6680917d8aa248b5db60:3": {
      "x": 615.9877635569309,
      "y": 1385.2920218696909
    },
    "8dec059e434ce2b60e1afd685c05f2b99dba5f4d3abd6680917d8aa248b5db60:4": {
      "x": 225.3749815129501,
      "y": 1628.2205273056413
    },
    "9177daf751c28290be09d1a3ad884f6d221f164f42e078f8a67214d1bc26a4b0:0": {
      "x": 346.1913295872145,
      "y": 557.9144322068903
    },
    "9177daf751c28290be09d1a3ad884f6d221f164f42e078f8a67214d1bc26a4b0:1": {
      "x": 458.5982933204441,
      "y": 334.83862141005
    },
    "9177daf751c28290be09d1a3ad884f6d221f164f42e078f8a67214d1bc26a4b0:2": {
      "x": 150.21313638264868,
      "y": 165.19773686039943
    },
    "968b55912ba7bd60218e5a481d19c7c216e1fc06de885f999523ec3668a122bb:4": {
      "x": 193.1646053615121,
      "y": 570.2412071148965
    },
    "9ca7c288212593ac07160c426979f2f7bceb5c52458f050935d6280bbeffff16:0": {
      "x": 173.76674394543122,
      "y": 1482.997087574278
    },
    "9ca7c288212593ac07160c426979f2f7bceb5c52458f050935d6280bbeffff16:1": {
      "x": 646.713343344828,
      "y": 1586.948861674492
    },
    "9ca7c288212593ac07160c426979f2f7bceb5c52458f050935d6280bbeffff16:2": {
      "x": 384.1350594049294,
      "y": 1649.086688080202
    },
    "a667c4f32cc82cc421f1cb43a3eb0f7aee9869eb8d49f65395dc53ba1de99319:0": {
      "x": 599.8565296958831,
      "y": 396.53923194270925
    },
    "a667c4f32cc82cc421f1cb43a3eb0f7aee9869eb8d49f65395dc53ba1de99319:1": {
      "x": 267.6134622425782,
      "y": 851.513755867625
    },
    "a667c4f32cc82cc421f1cb43a3eb0f7aee9869eb8d49f65395dc53ba1de99319:2": {
      "x": 97.30451048212592,
      "y": 668.071528714202
    },
    "a667c4f32cc82cc421f1cb43a3eb0f7aee9869eb8d49f65395dc53ba1de99319:3": {
      "x": -68.57839548169443,
      "y": -253.23456107252306
    },
    "a667c4f32cc82cc421f1cb43a3eb0f7aee9869eb8d49f65395dc53ba1de99319:4": {
      "x": -17.146658273068372,
      "y": 298.6416651702518
    },
    "ab3926a6736014d88e63407450b532ebf8ca081af0ac9ed2d690020f44b573c6:1": {
      "x": 1323.8944496006757,
      "y": 350.5537913961708
    },
    "aede0e45b6cf623d56b8cb10db562bb27eb7a1ce6137a085cd36384d046d86d1:2": {
      "x": -75.06617977270822,
      "y": 442.5070578167789
    },
    "b02e5768ddd436391d6a1a95b68939c75d6e472c4ebe4884bb3cbd737bbc9f0e:0": {
      "x": -91.81102539610139,
      "y": -99.79071948412358
    },
    "b02e5768ddd436391d6a1a95b68939c75d6e472c4ebe4884bb3cbd737bbc9f0e:1": {
      "x": -38.1237500082958,
      "y": 662.6235020809961
    },
    "b02e5768ddd436391d6a1a95b68939c75d6e472c4ebe4884bb3cbd737bbc9f0e:2": {
      "x": -187.37348159647382,
      "y": 104.50174754385779
    },
    "b253bffe5cac133935bd00593a33f221c9103566716d6b8f166221e713f294e5:0": {
      "x": 977.394431819581,
      "y": 651.446851282462
    },
    "b253bffe5cac133935bd00593a33f221c9103566716d6b8f166221e713f294e5:1": {
      "x": 861.2865011123703,
      "y": 189.34091337033203
    },
    "b253bffe5cac133935bd00593a33f221c9103566716d6b8f166221e713f294e5:2": {
      "x": 1059.4022746018734,
      "y": -20.851936927221494
    },
    "c319e39ce7e23f0ba83eafe3c5514d9f3f60906f49ed7add341f02e4e6951339:0": {
      "x": 432.2651618159459,
      "y": -187.44182127730264
    },
    "c319e39ce7e23f0ba83eafe3c5514d9f3f60906f49ed7add341f02e4e6951339:1": {
      "x": 303.2866640854141,
      "y": -42.93963215006428
    },
    "c792e8488fc740b7251727e2825f69588fdca3c9cca661cf490a892de5df9735:0": {
      "x": 692.0000623791315,
      "y": -193.0433786405253
    },
    "c792e8488fc740b7251727e2825f69588fdca3c9cca661cf490a892de5df9735:1": {
      "x": 433.73303999236293,
      "y": 49.65617175929152
    },
    "d58816bb0b28715b48053deb3302e264398ab809228752c53917d8b5c9f25714:0": {
      "x": 1196.1239966112423,
      "y": 529.5239696231837
    },
    "d58816bb0b28715b48053deb3302e264398ab809228752c53917d8b5c9f25714:1": {
      "x": 1124.3863956965763,
      "y": 697.4254961757778
    },
    "d58816bb0b28715b48053deb3302e264398ab809228752c53917d8b5c9f25714:2": {
      "x": 779.8634819448139,
      "y": -7.567381495144361
    },
    "d6b9ef66776dc1cf3d3bbe826fa4b07554fef5eac97373e58d59cf838ee49d13:0": {
      "x": 137.53317044443267,